,age,height,salary,bank-ID,blood,sex,constant,real-cluster,k-means
0,4.207871384254897,7.000651107897805,4.957830311070454,3,5.0,20,12345,0,0
1,15.030995335969799,15.004805452279637,14.956131492035023,18,10.0,0,12345,10,1
