Distribution,NumClust,PointsCluster,Iterations per Noise
n,15,100,100
Rauschwert,var,stdabw,geoMean,MedDev,QuartDisp,VariCoeff,VarDiff,stdabwDiff,MedDevDiff,VarCoffDiff,QuartDispDiff,geoMeanDiff
0.0,0.75,0.75,0.29433333333333334,0.75,0.6163333333333333,0.7121666666666666,1.0,1.0,1.0,0.919,0.8521666666666666,0.061
0.1,0.75,0.75,0.29383333333333334,0.75,0.6121666666666666,0.7116666666666667,1.0,1.0,1.0,0.9165,0.8381666666666666,0.0605
0.2,0.75,0.75,0.29383333333333334,0.75,0.6158333333333333,0.7106666666666667,1.0,1.0,1.0,0.9161666666666667,0.84,0.0605
0.3,0.75,0.75,0.29333333333333333,0.75,0.6106666666666667,0.7091666666666666,1.0,1.0,1.0,0.9145,0.8536666666666667,0.06
0.4,0.75,0.75,0.2915,0.75,0.6063333333333333,0.7088333333333333,1.0,1.0,1.0,0.9145,0.8375,0.058166666666666665
0.5,0.75,0.75,0.2921666666666667,0.75,0.6085,0.7083333333333334,1.0,1.0,1.0,0.913,0.8465,0.058833333333333335
0.6,0.75,0.75,0.2945,0.75,0.6121666666666666,0.7085,1.0,1.0,1.0,0.9123333333333333,0.8318333333333333,0.06116666666666667
0.7,0.75,0.75,0.291,0.75,0.6098333333333333,0.7083333333333334,1.0,1.0,1.0,0.91,0.8311666666666667,0.057666666666666665
0.8,0.75,0.75,0.293,0.75,0.607,0.7061666666666667,1.0,1.0,1.0,0.9078333333333334,0.833,0.059666666666666666
0.9,0.75,0.75,0.2966666666666667,0.75,0.6066666666666667,0.7041666666666667,1.0,1.0,1.0,0.9055,0.8418333333333333,0.06333333333333334
1.0,0.75,0.75,0.2915,0.75,0.6098333333333333,0.7041666666666667,1.0,1.0,1.0,0.9045,0.8318333333333333,0.058166666666666665

Time
0,99,81,494,345,477,154,1609,1864,5697,2487,7552,7898,