Distribution,NumClust,PointsCluster,Iterations per Noise
u,15,10000,100
Rauschwert,var,stdabw,geoMean,MedDev,QuartDisp,VariCoeff,VarDiff,stdabwDiff,MedDevDiff,VarCoffDiff,QuartDispDiff,geoMeanDiff
0.0,0.75,0.75,0.25,0.75,0.612,0.743,1.0,1.0,1.0,0.9698333333333333,0.8715,0.2
0.1,0.75,0.75,0.25,0.75,0.6165,0.7441666666666666,1.0,1.0,1.0,0.96,0.8651666666666666,0.2
0.2,0.75,0.75,0.25,0.75,0.6128333333333333,0.743,1.0,1.0,1.0,0.9576666666666667,0.8645,0.2
0.3,0.75,0.75,0.25,0.75,0.6165,0.7431666666666666,1.0,1.0,1.0,0.957,0.8438333333333333,0.2
0.4,0.75,0.75,0.25,0.75,0.6148333333333333,0.744,1.0,1.0,1.0,0.9565,0.8408333333333333,0.2
0.5,0.75,0.75,0.25,0.75,0.6128333333333333,0.7441666666666666,1.0,1.0,1.0,0.9586666666666667,0.8643333333333333,0.2
0.6,0.75,0.75,0.25,0.75,0.6195,0.7433333333333333,1.0,1.0,1.0,0.9558333333333333,0.8613333333333333,0.2
0.7,0.75,0.75,0.25,0.75,0.6081666666666666,0.7433333333333333,1.0,1.0,1.0,0.9563333333333334,0.8701666666666666,0.2
0.8,0.75,0.75,0.25,0.75,0.6151666666666666,0.7438333333333333,1.0,1.0,1.0,0.956,0.8591666666666666,0.2
0.9,0.75,0.75,0.25,0.75,0.6173333333333333,0.744,1.0,1.0,1.0,0.9583333333333334,0.8606666666666667,0.2
1.0,0.75,0.75,0.25,0.75,0.611,0.7435,1.0,1.0,1.0,0.9573333333333334,0.8521666666666666,0.2

Time
0,12163,10774,49801,27474,32709,16603,212640,225530,439097,289218,519714,791743,