Distribution,NumClust,PointsCluster,Iterations per Noise
u,15,100000,100
Rauschwert,var,stdabw,geoMean,MedDev,QuartDisp,VariCoeff,VarDiff,stdabwDiff,MedDevDiff,VarCoffDiff,QuartDispDiff,geoMeanDiff
0.0,0.75,0.75,0.25,0.75,0.6136666666666667,0.7493333333333333,1.0,1.0,1.0,0.9735,0.8705,0.2
0.1,0.75,0.75,0.25,0.75,0.6146666666666667,0.7495,1.0,1.0,1.0,0.9605,0.8638333333333333,0.2
0.2,0.75,0.75,0.25,0.75,0.6141666666666666,0.7493333333333333,1.0,1.0,1.0,0.9578333333333333,0.861,0.2
0.3,0.75,0.75,0.25,0.75,0.617,0.7495,1.0,1.0,1.0,0.957,0.8586666666666667,0.2
0.4,0.75,0.75,0.25,0.75,0.6168333333333333,0.7496666666666667,1.0,1.0,1.0,0.958,0.8625,0.2
0.5,0.75,0.75,0.25,0.75,0.6141666666666666,0.7493333333333333,1.0,1.0,1.0,0.9581666666666667,0.8668333333333333,0.2
0.6,0.75,0.75,0.25,0.75,0.6176666666666667,0.749,1.0,1.0,1.0,0.9573333333333334,0.865,0.2
0.7,0.75,0.75,0.25,0.75,0.6171666666666666,0.7498333333333334,1.0,1.0,1.0,0.957,0.8685,0.2
0.8,0.75,0.75,0.25,0.75,0.6145,0.7495,1.0,1.0,1.0,0.9573333333333334,0.8636666666666667,0.2
0.9,0.75,0.75,0.25,0.75,0.613,0.7493333333333333,1.0,1.0,1.0,0.9578333333333333,0.8435,0.2
1.0,0.75,0.75,0.25,0.75,0.614,0.7496666666666667,1.0,1.0,1.0,0.9561666666666667,0.8641666666666666,0.2

Time
0,164248,151681,555617,380286,434699,222267,2654321,2859667,5737616,3696098,6715029,8788516,