Distribution,NumClust,PointsCluster,Iterations per Noise
u,15,1000,100
Rauschwert,var,stdabw,geoMean,MedDev,QuartDisp,VariCoeff,VarDiff,stdabwDiff,MedDevDiff,VarCoffDiff,QuartDispDiff,geoMeanDiff
0.0,0.75,0.75,0.25016666666666665,0.75,0.6101666666666666,0.7391666666666666,1.0,1.0,1.0,0.9616666666666667,0.8591666666666666,0.1995
0.1,0.75,0.75,0.25,0.75,0.614,0.7393333333333333,1.0,1.0,1.0,0.9586666666666667,0.8631666666666666,0.19816666666666666
0.2,0.75,0.75,0.25,0.75,0.6163333333333333,0.7401666666666666,1.0,1.0,1.0,0.9573333333333334,0.858,0.19966666666666666
0.3,0.75,0.75,0.25016666666666665,0.75,0.6173333333333333,0.741,1.0,1.0,1.0,0.9576666666666667,0.8671666666666666,0.19983333333333334
0.4,0.75,0.75,0.25016666666666665,0.75,0.6215,0.7418333333333333,1.0,1.0,1.0,0.956,0.8635,0.19883333333333333
0.5,0.75,0.75,0.25,0.75,0.6143333333333333,0.7405,1.0,1.0,1.0,0.9573333333333334,0.8645,0.199
0.6,0.75,0.75,0.25,0.75,0.6201666666666666,0.7413333333333333,1.0,1.0,1.0,0.9573333333333334,0.8598333333333333,0.19933333333333333
0.7,0.75,0.75,0.25016666666666665,0.75,0.6196666666666667,0.7398333333333333,1.0,1.0,1.0,0.9578333333333333,0.8555,0.19966666666666666
0.8,0.75,0.75,0.25033333333333335,0.75,0.6141666666666666,0.7408333333333333,1.0,1.0,1.0,0.9571666666666667,0.8598333333333333,0.1995
0.9,0.75,0.75,0.25016666666666665,0.75,0.6163333333333333,0.7401666666666666,1.0,1.0,1.0,0.956,0.8651666666666666,0.19983333333333334
1.0,0.75,0.75,0.25,0.75,0.6183333333333333,0.7408333333333333,1.0,1.0,1.0,0.9563333333333334,0.8511666666666666,0.19966666666666666

Time
0,993,851,4553,2479,3068,1429,17403,17229,38976,23605,47625,71986,